Species,#Training samples,Regularized training gain,Unregularized training gain,Iterations,Training AUC,#Background points,bathymetry contribution,distp contribution,slope contribution,surface_temp contribution,bathymetry permutation importance,distp permutation importance,slope permutation importance,surface_temp permutation importance,Training gain without bathymetry,Training gain without distp,Training gain without slope,Training gain without surface_temp,Training gain with only bathymetry,Training gain with only distp,Training gain with only slope,Training gain with only surface_temp,Entropy,Prevalence (average probability of presence over background sites),Fixed cumulative value 1 cumulative threshold,Fixed cumulative value 1 Cloglog threshold,Fixed cumulative value 1 area,Fixed cumulative value 1 training omission,Fixed cumulative value 5 cumulative threshold,Fixed cumulative value 5 Cloglog threshold,Fixed cumulative value 5 area,Fixed cumulative value 5 training omission,Fixed cumulative value 10 cumulative threshold,Fixed cumulative value 10 Cloglog threshold,Fixed cumulative value 10 area,Fixed cumulative value 10 training omission,Minimum training presence cumulative threshold,Minimum training presence Cloglog threshold,Minimum training presence area,Minimum training presence training omission,10 percentile training presence cumulative threshold,10 percentile training presence Cloglog threshold,10 percentile training presence area,10 percentile training presence training omission,Equal training sensitivity and specificity cumulative threshold,Equal training sensitivity and specificity Cloglog threshold,Equal training sensitivity and specificity area,Equal training sensitivity and specificity training omission,Maximum training sensitivity plus specificity cumulative threshold,Maximum training sensitivity plus specificity Cloglog threshold,Maximum training sensitivity plus specificity area,Maximum training sensitivity plus specificity training omission,"Balance training omission, predicted area and threshold value cumulative threshold","Balance training omission, predicted area and threshold value Cloglog threshold","Balance training omission, predicted area and threshold value area","Balance training omission, predicted area and threshold value training omission",Equate entropy of thresholded and original distributions cumulative threshold,Equate entropy of thresholded and original distributions Cloglog threshold,Equate entropy of thresholded and original distributions area,Equate entropy of thresholded and original distributions training omission
species_0,42,0.1833,0.2076,160,0.6710,203,4.8676,60.2361,19.5217,15.3747,18.6946,48.9227,20.8492,11.5336,0.1740,0.1193,0.1504,0.1697,0.0658,0.1054,0.0609,0.0030,5.1300,0.5158,1.0000,0.1789,0.9064,0.0238,5.0000,0.3719,0.8079,0.0476,10.0000,0.4259,0.7241,0.0476,0.8301,0.1620,0.9113,0.0000,11.9929,0.4501,0.6946,0.0952,40.8511,0.5866,0.3793,0.3810,40.8511,0.5866,0.3793,0.3333,0.8301,0.1620,0.9113,0.0000,3.7821,0.3399,0.8325,0.0476
species_1,42,0.3450,0.3558,120,0.7273,203,42.8104,31.5671,3.1273,22.4952,56.2737,22.6737,6.2737,14.7789,0.2646,0.2796,0.3322,0.2566,0.2201,0.1302,0.0244,0.0329,4.9686,0.4304,1.0000,0.1216,0.8916,0.0000,5.0000,0.2338,0.7488,0.0238,10.0000,0.3109,0.6355,0.0476,2.6481,0.1788,0.8227,0.0000,15.5011,0.3737,0.5468,0.0952,32.9412,0.5233,0.3350,0.3333,16.8166,0.3811,0.5222,0.1190,2.6481,0.1788,0.8227,0.0000,6.9111,0.2682,0.7044,0.0476
species_2,42,0.1706,0.1818,140,0.6681,203,58.2990,3.5334,14.7531,23.4144,56.0761,0.0000,30.1977,13.7262,0.0884,0.1628,0.1259,0.1347,0.0817,0.0108,0.0070,0.0282,5.1420,0.5206,1.0000,0.1979,0.9409,0.0238,5.0000,0.3333,0.8276,0.0238,10.0000,0.3846,0.7340,0.1190,0.6488,0.1664,0.9557,0.0000,6.1991,0.3485,0.8030,0.0238,40.8776,0.6186,0.3596,0.3571,39.1942,0.6092,0.3695,0.3095,0.6488,0.1664,0.9557,0.0000,4.4983,0.3235,0.8424,0.0238
species_3,42,0.1987,0.2070,100,0.6784,203,68.8409,13.1132,6.8422,11.2038,58.2208,12.9949,22.3102,6.4741,0.1189,0.1715,0.1787,0.1720,0.1464,0.0665,0.0024,0.0067,5.1144,0.5062,1.0000,0.1953,0.9163,0.0000,5.0000,0.3078,0.8128,0.0476,10.0000,0.3681,0.7143,0.0714,2.7612,0.2682,0.8621,0.0000,10.6925,0.3767,0.6995,0.0952,37.3850,0.5986,0.3793,0.3810,24.3634,0.4921,0.5123,0.1667,2.7612,0.2682,0.8621,0.0000,4.7882,0.3058,0.8177,0.0476
species_4,42,0.1851,0.1922,120,0.6754,203,93.8187,0.5525,1.9386,3.6903,91.3911,2.3097,6.2992,0.0000,0.0513,0.1847,0.1817,0.1806,0.1716,0.0306,0.0110,0.0015,5.1281,0.5135,1.0000,0.1968,0.9212,0.0000,5.0000,0.3365,0.8177,0.0714,10.0000,0.3927,0.7291,0.0952,1.1133,0.1968,0.9163,0.0000,19.8462,0.4513,0.5813,0.0952,37.8380,0.5994,0.3793,0.3810,19.8462,0.4513,0.5813,0.0952,1.1133,0.1968,0.9163,0.0000,4.7434,0.3334,0.8276,0.0714
species_5,42,0.1861,0.2260,220,0.6881,203,3.3464,64.9941,31.2584,0.4011,6.4664,52.0876,41.4460,0.0000,0.1793,0.0419,0.1049,0.1860,0.0109,0.0934,0.0200,0.0060,5.1256,0.5142,1.0000,0.1509,0.9113,0.0238,5.0000,0.3742,0.7882,0.0238,10.0000,0.4425,0.7143,0.0238,0.4010,0.0963,0.9458,0.0000,16.1478,0.5049,0.6355,0.0714,47.5611,0.6294,0.3350,0.3333,48.7538,0.6334,0.3251,0.3333,0.4010,0.0963,0.9458,0.0000,3.4567,0.2656,0.8276,0.0238
species_6,42,0.1165,0.1226,100,0.6296,203,90.4812,0.2969,7.8743,1.3476,86.0322,0.0000,13.9678,0.0000,0.0359,0.1161,0.1025,0.1151,0.0987,0.0207,0.0000,0.0001,5.1967,0.5542,1.0000,0.2580,0.9409,0.0000,5.0000,0.3869,0.8571,0.0952,10.0000,0.4282,0.7685,0.1667,2.5279,0.3213,0.9064,0.0000,5.0317,0.3869,0.8522,0.0952,45.7023,0.6518,0.3596,0.3571,46.2878,0.6528,0.3498,0.3571,1.6878,0.2982,0.9261,0.0000,3.4444,0.3510,0.8867,0.0238
species_7,42,0.2503,0.2845,260,0.7072,203,51.8636,15.9662,4.1251,28.0451,61.7805,2.0080,10.2410,25.9705,0.1867,0.2299,0.2397,0.1793,0.1506,0.0682,0.0385,0.0425,5.0633,0.4784,1.0000,0.1665,0.8916,0.0000,5.0000,0.3163,0.7734,0.0238,10.0000,0.3849,0.6847,0.0714,2.5975,0.2235,0.8325,0.0000,13.6923,0.3994,0.6256,0.0952,36.4427,0.5640,0.3596,0.3810,34.8842,0.5512,0.3695,0.2857,2.5975,0.2235,0.8325,0.0000,4.9601,0.3148,0.7783,0.0238
species_8,42,0.2005,0.2209,160,0.6905,203,45.2857,24.4139,14.9396,15.3608,40.2066,13.1405,29.9587,16.6942,0.1319,0.1439,0.1523,0.1781,0.0942,0.0585,0.0014,0.0140,5.1127,0.5039,1.0000,0.2090,0.9310,0.0000,5.0000,0.2924,0.8177,0.0714,10.0000,0.3648,0.7192,0.1190,1.7129,0.2229,0.9113,0.0000,6.9859,0.3273,0.7734,0.0714,39.4593,0.5982,0.3498,0.3333,49.1325,0.6617,0.2709,0.3810,1.7129,0.2229,0.9113,0.0000,5.1823,0.2924,0.8177,0.0714
species_9,42,0.0880,0.1026,180,0.6051,203,72.7110,19.2355,4.8497,3.2038,60.6173,27.7778,0.0000,11.6049,0.0245,0.0589,0.0843,0.0793,0.0550,0.0167,0.0120,0.0015,5.2252,0.5728,1.0000,0.3135,0.9409,0.0238,5.0000,0.4486,0.8621,0.0476,10.0000,0.5028,0.7931,0.0476,0.6602,0.2074,0.9458,0.0000,13.3107,0.5180,0.7488,0.0952,40.7593,0.5999,0.4532,0.4524,20.2809,0.5521,0.6650,0.1429,0.6602,0.2074,0.9458,0.0000,2.4136,0.3701,0.9113,0.0476
species_10,42,0.2046,0.2205,160,0.6814,203,82.5660,4.2302,7.8324,5.3714,67.9195,1.0588,25.7808,5.2409,0.0973,0.1901,0.1773,0.1940,0.1622,0.0530,0.0070,0.0030,5.1087,0.5021,1.0000,0.1849,0.9261,0.0000,5.0000,0.3130,0.8177,0.0952,10.0000,0.3520,0.7192,0.1429,2.6680,0.2609,0.8719,0.0000,6.5238,0.3243,0.7833,0.0952,37.6811,0.5997,0.3645,0.3810,35.5309,0.5721,0.3793,0.2857,2.6680,0.2609,0.8719,0.0000,5.3541,0.3143,0.8128,0.0952
species_11,42,0.1446,0.1522,100,0.6354,203,4.4827,55.4985,0.0707,39.9480,0.0000,49.9407,0.0000,50.0593,0.1409,0.0923,0.1444,0.0762,0.0392,0.0698,0.0171,0.0262,5.1686,0.5370,1.0000,0.2282,0.9360,0.0000,5.0000,0.3472,0.8374,0.0238,10.0000,0.4185,0.7488,0.1667,3.3682,0.3217,0.8768,0.0000,7.8262,0.3947,0.7833,0.0952,38.9468,0.6088,0.4039,0.4048,62.8184,0.7089,0.2069,0.5238,2.1166,0.2785,0.9064,0.0000,4.0454,0.3304,0.8621,0.0238
species_12,42,0.1768,0.1878,140,0.6633,203,48.2976,38.9680,0.3355,12.3989,80.6417,19.3583,0.0000,0.0000,0.1232,0.1422,0.1768,0.1542,0.1257,0.0899,0.0242,0.0025,5.1365,0.5206,1.0000,0.1994,0.9015,0.0000,5.0000,0.3563,0.8030,0.0476,10.0000,0.4176,0.7192,0.1429,2.3084,0.2918,0.8571,0.0000,5.6929,0.3708,0.7931,0.0476,40.6484,0.6152,0.3793,0.3571,37.8963,0.5996,0.4039,0.2857,2.3084,0.2918,0.8571,0.0000,3.4202,0.3284,0.8374,0.0238
species_13,42,0.1248,0.1646,240,0.6597,203,58.6561,11.1702,10.8603,19.3134,34.9902,8.8293,27.9922,28.1884,0.0935,0.1080,0.1059,0.0924,0.0711,0.0320,0.0007,0.0258,5.1881,0.5484,1.0000,0.2413,0.9409,0.0000,5.0000,0.3805,0.8522,0.0238,10.0000,0.4198,0.7685,0.0238,1.6530,0.2721,0.9212,0.0000,17.8028,0.4791,0.6552,0.0952,39.6231,0.6023,0.4039,0.4048,52.5541,0.6737,0.2956,0.4286,1.6530,0.2721,0.9212,0.0000,3.6063,0.3461,0.8818,0.0238
species_14,42,0.0666,0.0762,120,0.5945,203,53.5907,8.8548,7.4027,30.1518,23.9048,20.2857,22.1905,33.6190,0.0412,0.0613,0.0612,0.0408,0.0347,0.0074,0.0007,0.0125,5.2466,0.5864,1.0000,0.3672,0.9557,0.0000,5.0000,0.4557,0.8818,0.0714,10.0000,0.4967,0.8128,0.0714,1.7813,0.3753,0.9409,0.0000,11.1311,0.5062,0.7931,0.0952,37.9943,0.6056,0.4877,0.4762,61.3968,0.6654,0.2709,0.5238,0.5934,0.2889,0.9655,0.0000,2.3040,0.3945,0.9310,0.0476
species_15,42,0.1269,0.1354,140,0.6430,203,40.5953,44.8438,11.8786,2.6823,52.7927,18.4748,28.7325,0.0000,0.0920,0.0952,0.1060,0.1237,0.0851,0.0710,0.0066,0.0028,5.1863,0.5481,1.0000,0.2741,0.9360,0.0000,5.0000,0.3614,0.8473,0.0476,10.0000,0.4269,0.7586,0.0952,2.4156,0.3196,0.9015,0.0000,10.1319,0.4269,0.7586,0.0952,40.3297,0.6382,0.4039,0.4048,55.7099,0.6878,0.2759,0.4524,1.7963,0.2881,0.9163,0.0000,3.5493,0.3406,0.8768,0.0238
species_16,42,0.1259,0.1370,140,0.6528,203,49.4216,13.1733,30.4516,6.9535,34.2328,14.4583,44.1804,7.1285,0.0856,0.1046,0.0608,0.1154,0.0496,0.0179,0.0143,0.0037,5.1876,0.5480,1.0000,0.2632,0.9507,0.0000,5.0000,0.3542,0.8571,0.0238,10.0000,0.4110,0.7685,0.1190,1.7002,0.2919,0.9310,0.0000,6.6950,0.3774,0.8276,0.0714,47.8976,0.6512,0.3350,0.3333,54.6092,0.6830,0.2759,0.3810,1.7002,0.2919,0.9310,0.0000,3.9959,0.3279,0.8818,0.0238
species_17,42,0.2845,0.3052,180,0.7224,203,61.6158,20.2363,7.6613,10.4865,46.5460,28.0494,14.5119,10.8926,0.2052,0.2415,0.2548,0.2396,0.2035,0.1138,0.0274,0.0066,5.0286,0.4589,1.0000,0.1755,0.9163,0.0000,5.0000,0.2523,0.7931,0.0238,10.0000,0.3238,0.6847,0.0714,1.2342,0.1780,0.9064,0.0000,15.9555,0.3645,0.5764,0.0952,35.0791,0.5483,0.3399,0.3333,27.0780,0.4792,0.4286,0.1429,1.2342,0.1780,0.9064,0.0000,7.0255,0.2835,0.7488,0.0714
species_18,42,0.1735,0.1926,180,0.6636,203,32.2124,53.7794,4.3612,9.6469,55.9132,33.9398,10.1470,0.0000,0.1448,0.1268,0.1644,0.1614,0.1165,0.1033,0.0321,0.0004,5.1396,0.5195,1.0000,0.2051,0.9261,0.0000,5.0000,0.3371,0.8276,0.0476,10.0000,0.3954,0.7389,0.0714,1.2448,0.2072,0.9163,0.0000,11.5804,0.4195,0.7094,0.0952,40.8509,0.5972,0.3645,0.3571,37.7334,0.5743,0.3941,0.3095,1.2448,0.2072,0.9163,0.0000,4.6700,0.3326,0.8374,0.0476
species_19,42,0.0718,0.0868,180,0.6085,203,41.8411,41.9874,14.7847,1.3869,40.9048,22.8087,36.1294,0.1571,0.0543,0.0495,0.0625,0.0717,0.0354,0.0461,0.0162,0.0006,5.2412,0.5830,1.0000,0.2790,0.9458,0.0000,5.0000,0.4546,0.8719,0.0952,10.0000,0.5105,0.8030,0.1190,2.9587,0.4036,0.9015,0.0000,7.5806,0.4965,0.8325,0.0952,46.8198,0.6267,0.4039,0.3571,42.1793,0.6186,0.4483,0.2619,1.4901,0.3072,0.9360,0.0000,1.9315,0.3569,0.9261,0.0000
species_20,42,0.1541,0.1660,140,0.6258,203,17.0852,49.6041,20.0887,13.2220,98.7421,0.0000,0.0000,1.2579,0.1396,0.1257,0.1344,0.1404,0.0781,0.0900,0.0640,0.0016,5.1591,0.5330,1.0000,0.1792,0.9015,0.0000,5.0000,0.4346,0.8128,0.0714,10.0000,0.4537,0.7389,0.0714,2.9675,0.3335,0.8522,0.0000,13.3218,0.4924,0.6946,0.0714,35.0010,0.5720,0.4532,0.4524,13.3218,0.4924,0.6946,0.0714,2.2760,0.2784,0.8670,0.0000,2.7343,0.3306,0.8571,0.0000
species_21,42,0.4376,0.4842,360,0.7704,203,81.0079,2.5313,1.0897,15.3710,83.1484,6.6227,2.2538,7.9750,0.1845,0.4170,0.4314,0.4054,0.3465,0.0475,0.0513,0.0449,4.8748,0.3886,1.0000,0.0976,0.8719,0.0238,5.0000,0.2028,0.7143,0.0238,10.0000,0.2742,0.5911,0.0952,0.2464,0.0612,0.9310,0.0000,12.7860,0.2968,0.5369,0.0952,32.5298,0.5484,0.2956,0.2857,30.7199,0.5373,0.3153,0.2143,7.1932,0.2274,0.6601,0.0238,7.9951,0.2338,0.6404,0.0238
species_22,42,0.1832,0.1989,140,0.6643,203,61.9562,16.7156,10.3086,11.0196,77.1898,0.0000,8.6131,14.1971,0.1338,0.1669,0.1617,0.1583,0.1336,0.0692,0.0393,0.0043,5.1299,0.5144,1.0000,0.2384,0.9310,0.0000,5.0000,0.3425,0.8424,0.0714,10.0000,0.3743,0.7488,0.1429,3.0720,0.3244,0.8818,0.0000,6.0152,0.3491,0.8177,0.0714,38.8409,0.5610,0.3793,0.3810,54.7385,0.6592,0.2365,0.4286,1.7785,0.2811,0.9113,0.0000,5.5072,0.3466,0.8325,0.0714
species_23,42,0.2699,0.2872,160,0.7024,203,33.8523,53.8144,0.0459,12.2875,64.7751,30.5882,0.0000,4.6367,0.2155,0.2029,0.2698,0.2481,0.1822,0.1548,0.0532,0.0035,5.0433,0.4675,1.0000,0.1418,0.8966,0.0238,5.0000,0.2917,0.7734,0.0476,10.0000,0.3654,0.6749,0.1190,0.8120,0.1346,0.9064,0.0000,9.9163,0.3611,0.6749,0.0952,35.1318,0.5468,0.3596,0.3810,52.7502,0.6888,0.2167,0.4286,0.8120,0.1346,0.9064,0.0000,5.8717,0.2954,0.7586,0.0476
species_24,42,0.2308,0.2392,120,0.6977,203,73.7298,0.1512,3.1118,23.0072,77.2914,0.5320,12.1161,10.0605,0.0868,0.2305,0.2231,0.1923,0.1623,0.0164,0.0020,0.0362,5.0824,0.4881,1.0000,0.1552,0.9163,0.0238,5.0000,0.3004,0.7931,0.0952,10.0000,0.3697,0.6946,0.1429,0.6958,0.1446,0.9310,0.0000,6.2900,0.3111,0.7685,0.0952,40.5132,0.6143,0.3300,0.3095,34.4087,0.5618,0.3793,0.2143,0.6958,0.1446,0.9310,0.0000,5.1417,0.3004,0.7931,0.0952
species_25,42,0.1586,0.1741,120,0.6613,203,60.7026,19.7437,13.9294,5.6243,69.8182,10.1488,18.9752,1.0579,0.1125,0.1394,0.1316,0.1465,0.1160,0.0645,0.0275,0.0004,5.1546,0.5283,1.0000,0.2489,0.9409,0.0000,5.0000,0.3446,0.8473,0.0238,10.0000,0.3996,0.7537,0.0714,4.2082,0.3370,0.8621,0.0000,10.8628,0.4043,0.7389,0.0714,38.6078,0.5759,0.3941,0.3571,36.6645,0.5591,0.4138,0.2857,1.6082,0.2710,0.9261,0.0000,4.9345,0.3437,0.8522,0.0238
species_26,42,0.1047,0.1116,80,0.6135,203,24.4932,19.0907,12.8273,43.5888,23.4391,0.2047,50.8700,25.4862,0.0936,0.0774,0.0834,0.0540,0.0267,0.0224,0.0101,0.0313,5.2085,0.5615,1.0000,0.2657,0.9507,0.0000,5.0000,0.3936,0.8621,0.0714,10.0000,0.4440,0.7783,0.0952,3.5805,0.3666,0.8867,0.0000,10.8760,0.4523,0.7685,0.0952,37.4343,0.6062,0.4532,0.4524,75.6124,0.7360,0.1429,0.6190,1.5818,0.2940,0.9360,0.0000,3.3307,0.3584,0.8966,0.0000
species_27,42,0.2889,0.2994,140,0.7255,203,1.1812,77.4783,9.4645,11.8760,3.2504,62.1990,23.8764,10.6742,0.2863,0.0970,0.2467,0.2400,0.0939,0.1974,0.0050,0.0000,5.0244,0.4584,1.0000,0.1228,0.8916,0.0000,5.0000,0.2365,0.7438,0.1190,10.0000,0.3371,0.6355,0.1429,3.7941,0.2107,0.7783,0.0000,4.1126,0.2151,0.7685,0.0952,43.5174,0.6441,0.2857,0.2857,44.8901,0.6487,0.2709,0.2857,3.7941,0.2107,0.7783,0.0000,4.9427,0.2321,0.7488,0.1190
species_28,42,0.2803,0.2918,120,0.7050,203,15.6325,41.6528,7.9841,34.7306,14.9877,33.6325,19.1609,32.2190,0.2476,0.1825,0.2460,0.1666,0.1067,0.0925,0.0006,0.0481,5.0328,0.4616,1.0000,0.1472,0.9113,0.0000,5.0000,0.2589,0.7783,0.0714,10.0000,0.3281,0.6700,0.0714,2.5622,0.2018,0.8473,0.0000,14.9920,0.3792,0.5862,0.0952,32.5849,0.5412,0.3744,0.3810,31.5709,0.5390,0.3842,0.2857,2.5622,0.2018,0.8473,0.0000,6.2008,0.2744,0.7537,0.0714
species_29,42,0.2894,0.3232,180,0.7180,203,18.2270,50.8904,6.7338,24.1488,37.2928,44.7908,13.5359,4.3804,0.2272,0.1454,0.2671,0.2549,0.0993,0.1361,0.0020,0.0273,5.0228,0.4572,1.0000,0.1608,0.8916,0.0000,5.0000,0.2697,0.7685,0.0238,10.0000,0.3258,0.6650,0.1190,4.9861,0.2689,0.7685,0.0000,9.0890,0.3137,0.6847,0.0952,37.0982,0.5615,0.3350,0.3333,42.2391,0.6014,0.2857,0.3333,4.9861,0.2689,0.7685,0.0000,6.2690,0.2815,0.7438,0.0238
species_30,42,0.2520,0.2784,180,0.6983,203,43.3797,53.5677,2.0380,1.0146,65.0171,26.1648,5.2382,3.5799,0.1388,0.1621,0.2472,0.2466,0.1584,0.1347,0.0123,0.0097,5.0610,0.4789,1.0000,0.1779,0.8768,0.0238,5.0000,0.2997,0.7635,0.0714,10.0000,0.3853,0.6700,0.0952,0.5159,0.1237,0.9015,0.0000,14.1648,0.4454,0.6108,0.0952,37.9687,0.5814,0.3596,0.3571,48.0682,0.6416,0.2759,0.4048,0.5159,0.1237,0.9015,0.0000,4.6746,0.2894,0.7734,0.0476
species_31,42,0.3579,0.3978,260,0.7435,203,16.0918,21.2042,20.0095,42.6945,20.4844,13.6226,36.5960,29.2970,0.3110,0.2833,0.2199,0.1896,0.0610,0.0182,0.0369,0.1087,4.9550,0.4224,1.0000,0.1188,0.9163,0.0476,5.0000,0.2209,0.7685,0.0476,10.0000,0.2831,0.6453,0.1190,0.3145,0.0790,0.9655,0.0000,8.1833,0.2618,0.6847,0.0952,32.8800,0.5087,0.3350,0.3333,49.1194,0.6492,0.2020,0.3571,0.3145,0.0790,0.9655,0.0000,7.9694,0.2604,0.6946,0.0952
species_32,42,0.2134,0.2264,140,0.6874,203,87.2123,9.2689,2.6748,0.8440,86.0161,4.0744,0.0000,9.9095,0.0975,0.2043,0.2093,0.2088,0.1976,0.0844,0.0527,0.0112,5.0998,0.4984,1.0000,0.1980,0.9064,0.0000,5.0000,0.2988,0.7980,0.0476,10.0000,0.3820,0.7044,0.1190,2.2904,0.2328,0.8670,0.0000,9.7363,0.3819,0.7044,0.0952,41.0771,0.6043,0.3399,0.3333,39.3936,0.5960,0.3547,0.3095,2.2904,0.2328,0.8670,0.0000,4.7884,0.2966,0.8030,0.0476
species_33,42,0.2230,0.2380,140,0.6974,203,7.5551,59.1475,11.9830,21.3144,7.1267,45.7375,20.2977,26.8381,0.2129,0.1211,0.1881,0.1630,0.0924,0.1094,0.0118,0.0095,5.0902,0.4913,1.0000,0.1845,0.9310,0.0238,5.0000,0.2732,0.8128,0.0238,10.0000,0.3335,0.6995,0.1190,0.9215,0.1808,0.9360,0.0000,8.6289,0.3091,0.7241,0.0952,39.7670,0.5974,0.3399,0.3571,33.8124,0.5619,0.3892,0.2381,0.9215,0.1808,0.9360,0.0000,5.7085,0.2738,0.7980,0.0238
species_34,42,0.1080,0.1329,200,0.6558,203,42.8834,12.5522,39.0733,5.4911,22.5174,24.0784,49.4852,3.9190,0.0850,0.0943,0.0617,0.1022,0.0527,0.0261,0.0337,0.0010,5.2055,0.5592,1.0000,0.3054,0.9557,0.0000,5.0000,0.4205,0.8768,0.0238,10.0000,0.4448,0.7980,0.0952,1.7820,0.3585,0.9409,0.0000,11.5809,0.4568,0.7783,0.0952,44.9088,0.5910,0.3793,0.3810,56.7063,0.6480,0.2709,0.4286,0.8743,0.2443,0.9606,0.0000,4.1006,0.3929,0.8966,0.0238
species_35,42,0.2517,0.2623,160,0.6994,203,26.7568,39.0968,1.8717,32.2747,34.6286,26.2286,10.6286,28.5143,0.2117,0.1890,0.2446,0.1723,0.1292,0.0960,0.0143,0.0376,5.0615,0.4763,1.0000,0.1589,0.9163,0.0000,5.0000,0.2822,0.7931,0.0476,10.0000,0.3413,0.6946,0.0952,2.7401,0.2392,0.8571,0.0000,13.0786,0.3726,0.6404,0.0952,38.4790,0.5833,0.3350,0.3333,41.9312,0.6066,0.3054,0.3333,2.7401,0.2392,0.8571,0.0000,6.0732,0.2964,0.7734,0.0476
species_36,42,0.2773,0.3200,260,0.7196,203,83.6049,0.3182,0.5275,15.5495,83.0928,2.7629,0.0000,14.1443,0.1226,0.2757,0.2733,0.2388,0.2222,0.0326,0.0322,0.0385,5.0346,0.4628,1.0000,0.1528,0.8966,0.0000,5.0000,0.2827,0.7685,0.0714,10.0000,0.3438,0.6700,0.1190,2.1006,0.1815,0.8473,0.0000,9.4552,0.3393,0.6798,0.0714,36.6316,0.5844,0.3350,0.3333,33.8075,0.5729,0.3547,0.2619,2.1006,0.1815,0.8473,0.0000,5.8384,0.3063,0.7537,0.0714
species_37,42,0.2842,0.3101,180,0.7060,203,46.6684,50.1172,2.9959,0.2185,60.9890,30.7143,7.5824,0.7143,0.1516,0.1685,0.2778,0.2818,0.1596,0.1468,0.0064,0.0036,5.0293,0.4626,1.0000,0.1635,0.8670,0.0238,5.0000,0.2793,0.7488,0.0476,10.0000,0.3850,0.6601,0.0952,0.2923,0.1059,0.9064,0.0000,12.0362,0.4007,0.6305,0.0952,34.0156,0.5450,0.3793,0.3810,52.1376,0.6414,0.2266,0.4048,0.2923,0.1059,0.9064,0.0000,5.0560,0.2793,0.7488,0.0476
species_38,42,0.3547,0.3770,200,0.7462,203,17.3402,60.7193,7.2951,14.6454,24.4168,49.1280,17.3499,9.1053,0.3228,0.2315,0.3181,0.3042,0.2094,0.2067,0.0521,0.0032,4.9586,0.4244,1.0000,0.1236,0.9064,0.0000,5.0000,0.2053,0.7438,0.0238,10.0000,0.2975,0.6207,0.1190,2.6584,0.1581,0.8276,0.0000,7.7101,0.2482,0.6700,0.0952,32.7576,0.5177,0.3300,0.3333,24.7726,0.4641,0.4138,0.1429,2.6584,0.1581,0.8276,0.0000,6.7322,0.2372,0.6995,0.0952
species_39,42,0.1050,0.1189,180,0.6296,203,10.4574,64.3080,25.1641,0.0704,28.7445,28.1938,43.0617,0.0000,0.0941,0.0564,0.0652,0.1049,0.0379,0.0586,0.0020,0.0073,5.2082,0.5623,1.0000,0.2545,0.9409,0.0000,5.0000,0.4032,0.8522,0.0476,10.0000,0.4490,0.7685,0.0476,1.1978,0.2608,0.9360,0.0000,20.7228,0.5645,0.6355,0.0952,38.9474,0.6237,0.4532,0.4524,25.4820,0.5917,0.5813,0.1429,1.1978,0.2608,0.9360,0.0000,2.7722,0.3541,0.8966,0.0476
species_40,42,0.1598,0.1783,180,0.6640,203,52.7059,9.7752,5.9703,31.5486,61.6769,1.4925,21.3345,15.4960,0.0963,0.1407,0.1435,0.1240,0.0786,0.0275,0.0001,0.0351,5.1530,0.5265,1.0000,0.2141,0.9557,0.0238,5.0000,0.3283,0.8424,0.0714,10.0000,0.3854,0.7488,0.1190,0.7542,0.1968,0.9655,0.0000,9.5512,0.3828,0.7586,0.0714,37.0316,0.5651,0.4039,0.4048,63.1109,0.7104,0.1872,0.5000,0.7542,0.1968,0.9655,0.0000,4.9525,0.3273,0.8473,0.0714
species_41,42,0.2134,0.2328,200,0.7058,203,5.7525,76.7589,13.6734,3.8152,10.1791,72.5006,17.3203,0.0000,0.2057,0.0197,0.1838,0.2082,0.0177,0.1690,0.0000,0.0039,5.1000,0.5007,1.0000,0.1401,0.8719,0.0476,5.0000,0.3410,0.7537,0.0476,10.0000,0.4858,0.6798,0.0714,0.3909,0.0681,0.9212,0.0000,15.1742,0.5263,0.6207,0.0952,46.9330,0.6315,0.3300,0.3333,46.3243,0.6314,0.3300,0.2857,0.3909,0.0681,0.9212,0.0000,2.7617,0.2397,0.8079,0.0476
species_42,42,0.1893,0.2104,260,0.6631,203,2.2879,57.0618,3.9998,36.6504,3.7927,48.7420,19.9775,27.4878,0.1860,0.0938,0.1784,0.1130,0.0498,0.0863,0.0053,0.0290,5.1239,0.5101,1.0000,0.1994,0.9360,0.0000,5.0000,0.2994,0.8276,0.0952,10.0000,0.3625,0.7241,0.2143,1.5483,0.2214,0.9212,0.0000,6.8942,0.3262,0.7833,0.0952,37.8169,0.6024,0.3793,0.3810,71.5735,0.7505,0.1281,0.5714,1.5483,0.2214,0.9212,0.0000,5.3301,0.3005,0.8227,0.0952
species_43,42,0.1289,0.1480,200,0.6426,203,71.4482,12.7058,13.9745,1.8715,65.5714,7.4286,27.0000,0.0000,0.0603,0.1065,0.0984,0.1287,0.0839,0.0364,0.0009,0.0000,5.1841,0.5463,1.0000,0.2670,0.9409,0.0000,5.0000,0.3754,0.8522,0.0000,10.0000,0.4249,0.7685,0.1905,5.2289,0.3754,0.8522,0.0000,6.8859,0.3972,0.8227,0.0952,42.5456,0.6292,0.3793,0.3810,37.7227,0.5997,0.4236,0.3095,1.5118,0.2933,0.9310,0.0000,3.9520,0.3485,0.8768,0.0000
species_44,42,0.1753,0.1851,180,0.6665,203,87.5464,1.6372,6.0615,4.7549,74.2605,0.0000,21.6917,4.0477,0.0569,0.1707,0.1609,0.1698,0.1473,0.0334,0.0006,0.0033,5.1381,0.5195,1.0000,0.2165,0.9212,0.0000,5.0000,0.3320,0.8227,0.1190,10.0000,0.3830,0.7291,0.1905,1.5868,0.2461,0.9064,0.0000,4.4487,0.3281,0.8374,0.0952,39.1864,0.6213,0.3744,0.3810,32.6787,0.5826,0.4335,0.2381,1.5868,0.2461,0.9064,0.0000,4.4487,0.3281,0.8374,0.0952
species_45,42,0.2160,0.2302,180,0.6844,203,27.4212,65.5532,6.9834,0.0422,50.6869,29.6068,19.7063,0.0000,0.1586,0.1433,0.2024,0.2157,0.1317,0.1486,0.0135,0.0129,5.0970,0.4984,1.0000,0.1820,0.8818,0.0238,5.0000,0.3035,0.7734,0.0952,10.0000,0.4017,0.6749,0.0952,0.6755,0.1399,0.8966,0.0000,10.7706,0.4073,0.6650,0.0952,41.9154,0.6600,0.3498,0.3571,41.2557,0.6566,0.3498,0.3333,0.6755,0.1399,0.8966,0.0000,3.7571,0.2647,0.8030,0.0238
species_46,42,0.1316,0.1780,360,0.6667,203,37.9053,45.2248,2.4387,14.4311,24.2187,37.1582,7.6172,31.0059,0.0949,0.0628,0.1259,0.0944,0.0420,0.0639,0.0012,0.0229,5.1803,0.5449,1.0000,0.2577,0.9310,0.0000,5.0000,0.3962,0.8473,0.1190,10.0000,0.4391,0.7685,0.1429,2.7021,0.3561,0.8867,0.0000,4.5371,0.3854,0.8571,0.0952,45.4943,0.6354,0.3596,0.3571,58.7419,0.6824,0.2463,0.4048,2.7021,0.3561,0.8867,0.0000,3.7305,0.3710,0.8719,0.0476
species_47,42,0.3479,0.3752,440,0.7309,203,68.6266,7.1355,19.4759,4.7620,64.8339,0.0000,30.3006,4.8655,0.1771,0.3143,0.2526,0.3231,0.2273,0.0701,0.0241,0.0049,4.9653,0.4300,1.0000,0.1258,0.8719,0.0000,5.0000,0.2247,0.7291,0.0952,10.0000,0.2971,0.6108,0.0952,1.0521,0.1258,0.8670,0.0000,12.7067,0.3534,0.5665,0.0952,33.5930,0.5644,0.3350,0.3333,24.0898,0.5013,0.4187,0.2143,1.0521,0.1258,0.8670,0.0000,6.0915,0.2383,0.7044,0.0952
species_48,42,0.1236,0.1818,300,0.6683,203,33.6630,33.8158,12.5958,19.9255,42.7711,0.0000,16.3404,40.8886,0.1036,0.1146,0.1024,0.0949,0.0668,0.0526,0.0191,0.0414,5.1894,0.5488,1.0000,0.2617,0.9557,0.0000,5.0000,0.3497,0.8670,0.0238,10.0000,0.4096,0.7734,0.0238,1.6735,0.3092,0.9409,0.0000,25.4438,0.5200,0.5567,0.0952,37.7071,0.5892,0.4286,0.4286,25.4438,0.5200,0.5567,0.0952,1.4673,0.2907,0.9458,0.0000,4.3592,0.3415,0.8818,0.0238
species_49,42,0.2509,0.2688,180,0.6901,203,21.1560,13.1855,22.3822,43.2764,19.3570,0.0000,26.8126,53.8304,0.2279,0.2367,0.2063,0.1324,0.0729,0.0399,0.0790,0.0758,5.0619,0.4786,1.0000,0.1514,0.8818,0.0000,5.0000,0.3149,0.7635,0.0476,10.0000,0.3873,0.6749,0.0476,1.0952,0.1514,0.8768,0.0000,22.5647,0.4917,0.5074,0.0952,31.8137,0.5402,0.4138,0.4048,22.5647,0.4917,0.5074,0.0952,1.0952,0.1514,0.8768,0.0000,4.7533,0.3068,0.7734,0.0476
species_50,42,0.2588,0.2717,140,0.7092,203,75.7033,7.5046,7.6833,9.1089,59.8553,6.3226,21.6340,12.1882,0.1520,0.2332,0.2288,0.2244,0.1977,0.0764,0.0055,0.0079,5.0545,0.4733,1.0000,0.1774,0.9064,0.0238,5.0000,0.2689,0.7882,0.0952,10.0000,0.3316,0.6798,0.1190,0.7507,0.1442,0.9163,0.0000,7.2036,0.3000,0.7389,0.0952,41.1412,0.6253,0.3103,0.3095,50.3420,0.6881,0.2463,0.3095,0.7507,0.1442,0.9163,0.0000,5.8850,0.2835,0.7685,0.0952
species_51,42,0.1472,0.1642,200,0.6615,203,23.6264,57.1308,3.4321,15.8107,34.8727,38.4843,10.3020,16.3410,0.1209,0.0918,0.1423,0.1321,0.0819,0.0876,0.0082,0.0033,5.1658,0.5358,1.0000,0.2340,0.9212,0.0000,5.0000,0.3823,0.8325,0.0476,10.0000,0.4118,0.7488,0.0476,1.2649,0.2401,0.9163,0.0000,11.6036,0.4278,0.7192,0.0952,41.7509,0.6180,0.3793,0.3810,28.2748,0.5402,0.5123,0.1905,1.2649,0.2401,0.9163,0.0000,3.5529,0.3351,0.8621,0.0476
species_52,42,0.3297,0.3499,180,0.7304,203,65.4058,7.9550,2.3661,24.2732,69.1238,15.8554,0.0000,15.0209,0.1562,0.3024,0.3230,0.2940,0.2047,0.0413,0.0366,0.0595,4.9834,0.4379,1.0000,0.1417,0.8966,0.0000,5.0000,0.2343,0.7586,0.0476,10.0000,0.3114,0.6453,0.0952,2.1152,0.1743,0.8473,0.0000,11.0098,0.3216,0.6256,0.0952,37.6364,0.5902,0.3103,0.3095,36.4284,0.5785,0.3153,0.2381,2.1152,0.1743,0.8473,0.0000,6.8879,0.2613,0.7143,0.0714
species_53,42,0.1900,0.2145,200,0.6871,203,66.9335,2.5055,22.5278,8.0331,49.1560,16.9824,25.3875,8.4740,0.0726,0.1825,0.1407,0.1796,0.1253,0.0339,0.0470,0.0296,5.1231,0.5135,1.0000,0.1812,0.8867,0.0000,5.0000,0.3768,0.7931,0.0000,10.0000,0.4421,0.7143,0.0714,9.1955,0.4311,0.7291,0.0000,15.0949,0.4836,0.6502,0.0952,43.4568,0.6098,0.3596,0.3571,32.3409,0.5607,0.4581,0.1667,1.8001,0.2776,0.8621,0.0000,3.5764,0.3301,0.8227,0.0000
species_54,42,0.2066,0.2342,180,0.6780,203,28.7526,62.8428,4.8281,3.5765,55.3799,35.4407,9.1793,0.0000,0.1564,0.1209,0.1975,0.2055,0.1200,0.1328,0.0204,0.0006,5.1066,0.5024,1.0000,0.1812,0.8966,0.0000,5.0000,0.3319,0.7882,0.0476,10.0000,0.4094,0.6995,0.0952,1.1128,0.1812,0.8966,0.0000,10.6090,0.4109,0.6897,0.0952,38.0525,0.5724,0.3793,0.3810,61.3416,0.7143,0.2020,0.4762,1.1128,0.1812,0.8966,0.0000,4.0212,0.3020,0.8128,0.0238
species_55,42,0.3107,0.3533,340,0.7236,203,59.9050,15.6314,19.2521,5.2115,64.6192,7.7805,8.5995,19.0008,0.2245,0.2928,0.2821,0.2826,0.2371,0.1434,0.1224,0.0152,5.0025,0.4462,1.0000,0.1762,0.9015,0.0238,5.0000,0.2668,0.7833,0.0714,10.0000,0.3104,0.6798,0.1667,0.9586,0.1719,0.9064,0.0000,8.0646,0.2947,0.7192,0.0952,35.2699,0.5194,0.3350,0.3333,61.2388,0.7661,0.1478,0.4762,0.9586,0.1719,0.9064,0.0000,7.5986,0.2884,0.7291,0.0952
species_56,42,0.2363,0.2757,260,0.6985,203,3.8312,35.1385,35.4831,25.5472,5.3581,35.6499,46.5782,12.4138,0.2259,0.1397,0.1213,0.1811,0.0332,0.0389,0.0458,0.0335,5.0759,0.4833,1.0000,0.1892,0.9360,0.0238,5.0000,0.2851,0.8227,0.0952,10.0000,0.3296,0.7143,0.0952,0.8013,0.1602,0.9458,0.0000,12.8078,0.3551,0.6601,0.0952,38.4190,0.5878,0.3448,0.3333,50.0410,0.6349,0.2463,0.3810,0.8013,0.1602,0.9458,0.0000,6.6255,0.2992,0.7882,0.0952
species_57,42,0.1899,0.2107,180,0.6749,203,13.9525,75.7103,9.3224,1.0148,41.1256,30.6591,28.2153,0.0000,0.1542,0.0834,0.1691,0.1899,0.0773,0.1369,0.0009,0.0039,5.1233,0.5126,1.0000,0.2046,0.8916,0.0238,5.0000,0.3328,0.7882,0.0714,10.0000,0.4334,0.7044,0.0952,0.9872,0.2005,0.8916,0.0000,14.6069,0.4875,0.6453,0.0952,42.5937,0.6210,0.3596,0.3571,44.3493,0.6272,0.3399,0.3571,0.9872,0.2005,0.8916,0.0000,3.5363,0.3106,0.8227,0.0714
species_58,42,0.0967,0.1039,140,0.6227,203,49.2443,40.7447,4.0774,5.9336,84.1894,0.0000,13.9647,1.8459,0.0706,0.0793,0.0910,0.0904,0.0741,0.0561,0.0118,0.0000,5.2166,0.5670,1.0000,0.2794,0.9409,0.0000,5.0000,0.4121,0.8621,0.1190,10.0000,0.4625,0.7833,0.1667,1.4548,0.3035,0.9261,0.0000,4.8100,0.4112,0.8670,0.0952,43.6182,0.6238,0.4039,0.4048,52.6239,0.6644,0.3202,0.4286,1.4548,0.3035,0.9261,0.0000,2.6274,0.3655,0.9064,0.0238
species_59,42,0.1195,0.1469,200,0.6440,203,7.7313,58.2159,26.0634,7.9893,23.2821,46.7259,29.9919,0.0000,0.1069,0.0560,0.0784,0.1142,0.0384,0.0557,0.0113,0.0002,5.1932,0.5519,1.0000,0.2118,0.9458,0.0000,5.0000,0.3655,0.8473,0.0000,10.0000,0.4510,0.7635,0.0952,5.4145,0.3768,0.8374,0.0000,14.0394,0.4821,0.7094,0.0952,38.8250,0.5960,0.4286,0.4286,56.4241,0.6706,0.2759,0.4762,2.2311,0.2872,0.9113,0.0000,3.2761,0.3254,0.8867,0.0000
species_60,42,0.1686,0.1840,140,0.6563,203,38.9485,55.5501,1.7231,3.7783,54.6166,43.5837,1.7997,0.0000,0.1350,0.1364,0.1660,0.1569,0.1272,0.1154,0.0372,0.0014,5.1445,0.5227,1.0000,0.2530,0.9360,0.0000,5.0000,0.3635,0.8473,0.0238,10.0000,0.4007,0.7586,0.1667,1.0242,0.2530,0.9310,0.0000,9.1057,0.3904,0.7783,0.0476,41.4198,0.5677,0.3547,0.3333,41.4198,0.5677,0.3547,0.3333,1.0242,0.2530,0.9310,0.0000,5.4754,0.3665,0.8424,0.0238
species_61,42,0.0943,0.1004,80,0.6223,203,23.3094,30.6306,9.1810,36.8790,16.7579,15.2531,39.8769,28.1122,0.0849,0.0609,0.0817,0.0550,0.0318,0.0337,0.0009,0.0179,5.2190,0.5684,1.0000,0.3024,0.9507,0.0000,5.0000,0.4150,0.8670,0.0476,10.0000,0.4522,0.7882,0.1429,3.2563,0.3602,0.8966,0.0000,6.0087,0.4253,0.8473,0.0952,40.9215,0.6268,0.4286,0.4286,60.1309,0.6843,0.2611,0.5000,1.0823,0.3024,0.9507,0.0000,3.0146,0.3518,0.9064,0.0000
species_62,42,0.1741,0.1878,160,0.6564,203,67.7517,16.0662,4.1376,12.0446,69.3895,12.6397,17.9708,0.0000,0.1175,0.1584,0.1666,0.1443,0.1352,0.0663,0.0237,0.0047,5.1390,0.5201,1.0000,0.2497,0.9261,0.0000,5.0000,0.3458,0.8374,0.0714,10.0000,0.3932,0.7488,0.1429,2.7385,0.3102,0.8818,0.0000,5.6147,0.3531,0.8276,0.0714,37.3124,0.5545,0.4039,0.3810,67.0133,0.7446,0.1626,0.5476,2.7385,0.3102,0.8818,0.0000,5.1086,0.3458,0.8374,0.0714
species_63,42,0.0716,0.0826,180,0.6019,203,77.3964,16.7521,0.1313,5.7201,96.4674,3.5326,0.0000,0.0000,0.0359,0.0586,0.0716,0.0709,0.0532,0.0304,0.0076,0.0007,5.2416,0.5834,1.0000,0.3182,0.9458,0.0000,5.0000,0.4733,0.8768,0.0952,10.0000,0.5065,0.8079,0.1429,1.4618,0.3419,0.9310,0.0000,8.5927,0.5003,0.8227,0.0952,49.7354,0.6327,0.3793,0.3810,55.2074,0.6531,0.3251,0.3810,1.4618,0.3419,0.9310,0.0000,1.9334,0.3749,0.9261,0.0238
species_64,42,0.1199,0.1362,160,0.6378,203,42.3743,42.0509,15.3047,0.2700,54.2479,13.2502,32.5019,0.0000,0.0806,0.0880,0.0910,0.1200,0.0747,0.0579,0.0009,0.0028,5.1933,0.5520,1.0000,0.2547,0.9409,0.0000,5.0000,0.3675,0.8522,0.0238,10.0000,0.4191,0.7635,0.0238,2.2371,0.3045,0.9064,0.0000,14.7433,0.4631,0.6897,0.0714,38.7525,0.6155,0.4236,0.4286,13.3824,0.4519,0.7094,0.0238,2.2371,0.3045,0.9064,0.0000,3.3576,0.3447,0.8867,0.0238
species_65,42,0.2127,0.2201,160,0.6875,203,75.2772,23.4793,0.0883,1.1553,96.9010,0.8314,2.2676,0.0000,0.1249,0.1990,0.2125,0.2109,0.1985,0.1095,0.0359,0.0013,5.1003,0.4978,1.0000,0.2011,0.9163,0.0238,5.0000,0.3119,0.8079,0.0714,10.0000,0.3562,0.7094,0.1429,0.2521,0.1296,0.9458,0.0000,8.7629,0.3490,0.7291,0.0952,39.9067,0.6014,0.3448,0.3571,38.2281,0.5879,0.3596,0.2857,0.2521,0.1296,0.9458,0.0000,5.0887,0.3119,0.8079,0.0714
species_66,42,0.1541,0.1746,160,0.6578,203,31.5499,60.4887,3.5117,4.4497,56.1022,43.8978,0.0000,0.0000,0.1102,0.1021,0.1523,0.1532,0.0909,0.0999,0.0256,0.0000,5.1590,0.5329,1.0000,0.1838,0.9064,0.0000,5.0000,0.4023,0.8128,0.0714,10.0000,0.4624,0.7389,0.0952,1.4336,0.2395,0.8916,0.0000,11.2652,0.4691,0.7192,0.0952,42.3844,0.6050,0.3793,0.3571,67.5451,0.7093,0.1823,0.5000,1.4336,0.2395,0.8916,0.0000,3.0016,0.3155,0.8522,0.0714
species_67,42,0.2683,0.2787,120,0.6959,203,73.2011,8.8479,0.0410,17.9100,93.2894,2.7561,1.6777,2.2768,0.1696,0.2565,0.2681,0.2215,0.2113,0.0732,0.0344,0.0255,5.0448,0.4664,1.0000,0.1781,0.9310,0.0000,5.0000,0.2785,0.8079,0.0476,10.0000,0.3203,0.6995,0.0952,2.0118,0.2024,0.8966,0.0000,10.1884,0.3203,0.6995,0.0952,31.9998,0.5015,0.3793,0.3810,47.6707,0.6585,0.2414,0.4048,2.0118,0.2024,0.8966,0.0000,7.1096,0.2988,0.7635,0.0714
species_68,42,0.2152,0.2291,160,0.6792,203,31.8297,56.5468,5.5343,6.0891,41.8715,36.8755,18.6360,2.6170,0.1888,0.1741,0.2036,0.1984,0.1566,0.1464,0.0577,0.0004,5.0980,0.4951,1.0000,0.2206,0.9360,0.0000,5.0000,0.2915,0.8325,0.0238,10.0000,0.3549,0.7291,0.0476,2.4687,0.2638,0.8916,0.0000,10.6663,0.3570,0.7143,0.0952,35.9289,0.5355,0.3793,0.3810,63.2667,0.7374,0.1626,0.5238,2.4687,0.2638,0.8916,0.0000,6.3783,0.3069,0.8030,0.0238
species_69,42,0.0725,0.0788,120,0.6108,203,52.5526,16.1650,17.0761,14.2063,30.3467,7.5733,43.9467,18.1333,0.0536,0.0561,0.0513,0.0579,0.0360,0.0178,0.0027,0.0042,5.2407,0.5828,1.0000,0.3925,0.9507,0.0000,5.0000,0.4361,0.8818,0.0238,10.0000,0.4858,0.8079,0.0714,1.7771,0.3975,0.9409,0.0000,10.7936,0.4903,0.7931,0.0714,46.1658,0.6418,0.4039,0.4048,39.9640,0.6070,0.4581,0.2857,0.2978,0.2033,0.9704,0.0000,2.5897,0.4026,0.9261,0.0238
species_70,42,0.0982,0.1128,240,0.6315,203,56.6838,16.6663,11.8838,14.7661,42.6516,11.9219,35.8684,9.5581,0.0716,0.0830,0.0825,0.0784,0.0623,0.0307,0.0039,0.0057,5.2147,0.5651,1.0000,0.3310,0.9557,0.0000,5.0000,0.4006,0.8719,0.0476,10.0000,0.4474,0.7931,0.0952,4.4378,0.3810,0.8818,0.0000,10.1091,0.4474,0.7931,0.0952,39.7818,0.5854,0.4286,0.4524,32.8198,0.5553,0.4975,0.2381,0.6260,0.2832,0.9655,0.0000,3.6641,0.3678,0.9015,0.0000
species_71,42,0.2130,0.2337,180,0.6783,203,3.9606,80.2991,7.6911,8.0492,10.4938,63.3333,18.7654,7.4074,0.2031,0.0473,0.1914,0.1970,0.0457,0.1569,0.0079,0.0001,5.0999,0.4996,1.0000,0.1336,0.8867,0.0238,5.0000,0.3188,0.7537,0.0476,10.0000,0.4463,0.6700,0.0714,0.7361,0.1147,0.9015,0.0000,16.9336,0.5164,0.5813,0.0952,39.4632,0.6246,0.3744,0.3571,16.9336,0.5164,0.5813,0.0952,0.7361,0.1147,0.9015,0.0000,3.0019,0.2223,0.8079,0.0238
species_72,42,0.3165,0.3518,320,0.7301,203,50.3608,18.5113,2.6998,28.4281,54.3917,7.7971,9.3941,28.4171,0.2275,0.2684,0.3079,0.2387,0.1888,0.0865,0.0142,0.0540,4.9954,0.4427,1.0000,0.1273,0.8916,0.0000,5.0000,0.2554,0.7635,0.0000,10.0000,0.3091,0.6552,0.0476,6.7607,0.2778,0.7192,0.0000,15.5150,0.3645,0.5567,0.0952,34.2316,0.5335,0.3350,0.3571,26.4404,0.4907,0.4089,0.1905,6.7607,0.2778,0.7192,0.0000,6.7607,0.2778,0.7241,0.0000
species_73,42,0.0903,0.1059,140,0.6243,203,0.4868,76.2271,4.5313,18.7548,1.6787,81.5348,16.0671,0.7194,0.0900,0.0233,0.0861,0.0758,0.0145,0.0707,0.0018,0.0033,5.2233,0.5711,1.0000,0.2101,0.9458,0.0000,5.0000,0.4086,0.8522,0.0714,10.0000,0.4867,0.7734,0.0714,2.1887,0.2997,0.9113,0.0000,14.0560,0.5057,0.7241,0.0952,44.4679,0.6439,0.4089,0.4048,56.0487,0.6689,0.3054,0.4524,2.1887,0.2997,0.9113,0.0000,2.1887,0.2997,0.9113,0.0000
species_74,42,0.1265,0.1397,200,0.6389,203,15.0100,70.7323,8.0884,6.1693,8.5572,49.5522,26.5672,15.3234,0.1138,0.0753,0.1144,0.1144,0.0655,0.0920,0.0138,0.0008,5.1866,0.5490,1.0000,0.2663,0.9310,0.0000,5.0000,0.3693,0.8424,0.0476,10.0000,0.4214,0.7537,0.0714,1.2535,0.2859,0.9212,0.0000,12.7769,0.4659,0.7143,0.0714,44.1320,0.6337,0.3793,0.3810,54.1512,0.6725,0.2906,0.4048,1.2535,0.2859,0.9212,0.0000,3.3967,0.3468,0.8768,0.0476
species_75,42,0.2091,0.2194,120,0.6809,203,8.1352,55.1461,2.1844,34.5343,12.7530,50.3374,13.6977,23.2119,0.2007,0.1356,0.2024,0.1211,0.0938,0.0907,0.0165,0.0241,5.1042,0.4982,1.0000,0.1969,0.9507,0.0000,5.0000,0.2935,0.8374,0.1190,10.0000,0.3440,0.7291,0.1190,3.6092,0.2820,0.8670,0.0000,4.2154,0.2834,0.8522,0.0476,38.2716,0.5674,0.3596,0.3571,29.3615,0.4982,0.4532,0.2381,3.6092,0.2820,0.8670,0.0000,6.3785,0.3150,0.8079,0.1190
species_76,42,0.2031,0.2091,100,0.6763,203,51.3515,39.0521,0.0118,9.5846,83.2375,12.5719,1.3147,2.8759,0.1544,0.1748,0.2030,0.1817,0.1617,0.1119,0.0410,0.0011,5.1101,0.5036,1.0000,0.2165,0.9113,0.0000,5.0000,0.3274,0.8128,0.0238,10.0000,0.3795,0.7192,0.1190,2.1785,0.2658,0.8768,0.0000,8.0080,0.3559,0.7537,0.0952,37.2595,0.5669,0.3793,0.3810,28.4975,0.5046,0.4680,0.2143,2.1785,0.2658,0.8768,0.0000,5.2237,0.3274,0.8128,0.0238
species_77,42,0.0882,0.1076,180,0.6411,203,4.2779,29.8003,38.7291,27.1926,0.0000,20.8567,37.7358,41.4074,0.0862,0.0666,0.0449,0.0718,0.0188,0.0194,0.0150,0.0249,5.2248,0.5721,1.0000,0.3611,0.9557,0.0000,5.0000,0.4397,0.8867,0.0952,10.0000,0.4880,0.8128,0.1190,1.2397,0.3611,0.9557,0.0000,8.0637,0.4697,0.8374,0.0952,49.6342,0.6224,0.3596,0.3571,49.1102,0.6192,0.3645,0.3333,0.7716,0.2986,0.9655,0.0000,3.5618,0.4069,0.9113,0.0952
species_78,42,0.1555,0.1634,140,0.6630,203,88.5172,2.7486,0.0300,8.7042,74.7043,12.6934,0.0000,12.6024,0.0295,0.1522,0.1553,0.1487,0.1336,0.0133,0.0055,0.0055,5.1580,0.5338,1.0000,0.2063,0.8966,0.0000,5.0000,0.3908,0.8079,0.0952,10.0000,0.4531,0.7291,0.1667,1.8329,0.2539,0.8719,0.0000,5.0367,0.3908,0.8079,0.0952,46.2537,0.6523,0.3547,0.3810,43.8571,0.6359,0.3744,0.2857,1.8329,0.2539,0.8719,0.0000,2.4312,0.3048,0.8522,0.0238
species_79,42,0.2901,0.3147,320,0.7188,203,30.2769,62.1542,0.3128,7.2560,57.1112,35.9835,0.0000,6.9053,0.2538,0.2178,0.2895,0.2696,0.1978,0.2026,0.0777,0.0046,5.0224,0.4568,1.0000,0.1255,0.8867,0.0238,5.0000,0.2841,0.7586,0.0476,10.0000,0.3252,0.6552,0.1190,0.9354,0.1181,0.8867,0.0000,8.3851,0.3078,0.6897,0.0714,36.4973,0.5721,0.3350,0.3333,44.9026,0.6198,0.2660,0.3571,0.9354,0.1181,0.8867,0.0000,5.8012,0.2912,0.7438,0.0476
species_80,42,0.1529,0.1667,140,0.6605,203,49.2515,25.4009,11.6695,13.6781,51.2952,18.9279,27.6738,2.1031,0.1015,0.1171,0.1270,0.1358,0.0895,0.0545,0.0007,0.0066,5.1602,0.5315,1.0000,0.2504,0.9409,0.0000,5.0000,0.3315,0.8374,0.0476,10.0000,0.3968,0.7438,0.1667,1.3767,0.2597,0.9261,0.0000,8.2504,0.3796,0.7734,0.0714,41.7981,0.6236,0.3596,0.3571,51.3989,0.6778,0.2857,0.4286,1.3767,0.2597,0.9261,0.0000,4.3036,0.3209,0.8571,0.0476
species_81,42,0.1570,0.1662,160,0.6766,203,34.5952,3.7783,60.3597,1.2669,34.8837,4.3828,60.7335,0.0000,0.1271,0.1531,0.0977,0.1564,0.0855,0.0623,0.0996,0.0020,5.1563,0.5307,1.0000,0.2245,0.9163,0.0238,5.0000,0.3662,0.8227,0.0476,10.0000,0.4239,0.7389,0.0714,0.2689,0.0869,0.9458,0.0000,14.5975,0.4709,0.6749,0.0714,46.7238,0.6388,0.3350,0.3333,55.2834,0.6786,0.2611,0.3571,0.2689,0.0869,0.9458,0.0000,3.6694,0.3282,0.8522,0.0238
species_82,42,0.1879,0.2026,140,0.6770,203,30.5227,22.1612,13.8101,33.5060,29.0375,16.1501,34.8015,20.0109,0.1557,0.1444,0.1485,0.1107,0.0721,0.0373,0.0050,0.0363,5.1251,0.5112,1.0000,0.2010,0.9360,0.0238,5.0000,0.3244,0.8325,0.0476,10.0000,0.3624,0.7340,0.1190,0.4894,0.1872,0.9557,0.0000,8.2771,0.3524,0.7635,0.0952,43.2161,0.6242,0.3300,0.3333,42.6342,0.6151,0.3300,0.3095,0.4894,0.1872,0.9557,0.0000,5.2821,0.3301,0.8276,0.0476
species_83,42,0.4333,0.4663,200,0.7640,203,5.7946,67.1269,13.4950,13.5835,4.3021,65.8292,17.0608,12.8079,0.4121,0.1892,0.3705,0.3666,0.1332,0.2540,0.0985,0.0018,4.8795,0.3925,1.0000,0.0777,0.8177,0.0000,5.0000,0.2531,0.6650,0.0238,10.0000,0.3280,0.5714,0.1429,1.4460,0.1082,0.7882,0.0000,8.9240,0.3161,0.5862,0.0952,35.9103,0.5896,0.2857,0.2857,41.5117,0.6108,0.2463,0.2857,1.4460,0.1082,0.7882,0.0000,6.1052,0.2585,0.6453,0.0238
species_84,42,0.1210,0.1501,200,0.6633,203,1.7120,63.7017,33.6550,0.9313,15.9493,40.7793,43.2714,0.0000,0.1185,0.0653,0.0659,0.1207,0.0300,0.0634,0.0290,0.0034,5.1918,0.5517,1.0000,0.2069,0.9360,0.0000,5.0000,0.3735,0.8374,0.0000,10.0000,0.4713,0.7586,0.0714,6.8804,0.4202,0.8030,0.0000,11.0136,0.4805,0.7488,0.0714,47.8418,0.6219,0.3596,0.3571,43.5423,0.6121,0.3941,0.2619,2.0305,0.2953,0.9064,0.0000,3.0938,0.3208,0.8818,0.0000
species_85,42,0.1578,0.1762,320,0.6712,203,5.8348,52.9302,18.2342,23.0008,5.5204,28.8934,45.7331,19.8531,0.1501,0.0753,0.1115,0.1109,0.0419,0.0593,0.0037,0.0115,5.1553,0.5288,1.0000,0.2497,0.9409,0.0000,5.0000,0.3232,0.8424,0.1190,10.0000,0.3854,0.7438,0.1667,2.5880,0.2804,0.9015,0.0000,4.1831,0.3050,0.8621,0.0714,48.4814,0.6593,0.3103,0.3095,50.3635,0.6653,0.2906,0.3095,2.5880,0.2804,0.9015,0.0000,4.6178,0.3190,0.8522,0.1190
species_86,42,0.2354,0.2605,220,0.6881,203,46.5460,2.6051,44.7211,6.1278,60.0000,4.1237,35.8763,0.0000,0.1553,0.2280,0.1593,0.2302,0.1306,0.0531,0.1189,0.0035,5.0777,0.4885,1.0000,0.2031,0.8670,0.0238,5.0000,0.3211,0.7685,0.0476,10.0000,0.4084,0.6798,0.0714,0.9957,0.2004,0.8719,0.0000,12.6247,0.4343,0.6404,0.0714,34.3673,0.5641,0.4039,0.4048,52.8992,0.6608,0.2463,0.4048,0.9957,0.2004,0.8719,0.0000,4.2245,0.3005,0.7882,0.0476
species_87,42,0.1996,0.2074,120,0.6694,203,12.3629,47.9925,0.0638,39.5808,25.6996,22.2159,0.0000,52.0845,0.1878,0.1485,0.1996,0.1187,0.0832,0.0792,0.0248,0.0375,5.1138,0.5043,1.0000,0.1795,0.9360,0.0000,5.0000,0.3097,0.8227,0.0714,10.0000,0.3765,0.7241,0.1190,1.4820,0.2087,0.9212,0.0000,7.1871,0.3485,0.7783,0.0952,36.9955,0.5763,0.3793,0.4048,35.9686,0.5624,0.3892,0.2857,1.4820,0.2087,0.9212,0.0000,5.2440,0.3099,0.8177,0.0714
species_88,42,0.1219,0.1402,160,0.6451,203,20.7283,71.0497,0.0025,8.2195,45.2412,54.7588,0.0000,0.0000,0.0980,0.0682,0.1219,0.1192,0.0633,0.0854,0.0165,0.0000,5.1913,0.5515,1.0000,0.1932,0.9261,0.0000,5.0000,0.3985,0.8325,0.0952,10.0000,0.4874,0.7586,0.0952,1.3734,0.2338,0.9113,0.0000,10.5009,0.4903,0.7488,0.0952,39.8905,0.6069,0.4286,0.4286,70.3111,0.7174,0.1724,0.5238,1.3734,0.2338,0.9113,0.0000,2.6656,0.3042,0.8818,0.0714
species_89,42,0.2047,0.2623,280,0.7003,203,56.5939,12.7154,13.8086,16.8820,48.9331,2.5431,16.8372,31.6866,0.1532,0.1960,0.1746,0.1634,0.1257,0.0657,0.0593,0.0364,5.1076,0.5043,1.0000,0.1797,0.8916,0.0000,5.0000,0.3261,0.7833,0.0238,10.0000,0.4071,0.6995,0.0476,3.4834,0.2776,0.8177,0.0000,19.3149,0.4963,0.5764,0.0714,47.2625,0.6387,0.3103,0.3095,50.4070,0.6523,0.2857,0.3095,3.4834,0.2776,0.8177,0.0000,3.8909,0.2885,0.8128,0.0238
species_90,42,0.1391,0.1468,140,0.6538,203,3.7968,88.7428,6.2819,1.1785,1.4393,48.7406,34.0857,15.7344,0.1344,0.0572,0.1274,0.1364,0.0530,0.1202,0.0050,0.0110,5.1740,0.5418,1.0000,0.2080,0.9163,0.0238,5.0000,0.3546,0.8177,0.0714,10.0000,0.4220,0.7291,0.0952,0.9844,0.2062,0.9163,0.0000,16.4026,0.5117,0.6404,0.0952,41.6648,0.6533,0.4039,0.4048,16.4026,0.5117,0.6404,0.0952,0.9844,0.2062,0.9163,0.0000,2.7749,0.3061,0.8670,0.0476
species_91,42,0.1680,0.1827,140,0.6800,203,0.0219,77.1319,11.4865,11.3597,0.0000,56.6667,30.1212,13.2121,0.1679,0.0608,0.1435,0.1388,0.0481,0.1141,0.0151,0.0001,5.1452,0.5234,1.0000,0.1696,0.9261,0.0714,5.0000,0.3215,0.8079,0.0714,10.0000,0.4121,0.7143,0.0714,0.8523,0.1654,0.9360,0.0000,18.2655,0.5097,0.6059,0.0952,42.1823,0.6230,0.3645,0.3571,18.2655,0.5097,0.6059,0.0952,0.8523,0.1654,0.9360,0.0000,3.6195,0.2741,0.8424,0.0714
species_92,42,0.0799,0.1024,200,0.6446,203,7.9028,54.5970,36.1403,1.3599,25.0140,17.1621,45.5973,12.2266,0.0728,0.0554,0.0420,0.0777,0.0266,0.0362,0.0171,0.0112,5.2330,0.5773,1.0000,0.2765,0.9557,0.0000,5.0000,0.4251,0.8768,0.0714,10.0000,0.4892,0.7980,0.0952,1.5978,0.3177,0.9409,0.0000,13.6336,0.5064,0.7537,0.0952,47.0890,0.6257,0.3892,0.3810,45.5228,0.6211,0.4039,0.2619,1.1951,0.2935,0.9507,0.0000,2.5156,0.3829,0.9212,0.0714
species_93,42,0.0998,0.1057,120,0.6110,203,50.5965,34.5434,1.0257,13.8344,67.0996,0.0000,12.8788,20.0216,0.0757,0.0817,0.0982,0.0829,0.0738,0.0512,0.0084,0.0019,5.2134,0.5648,1.0000,0.2855,0.9409,0.0000,5.0000,0.4216,0.8670,0.0952,10.0000,0.4514,0.7882,0.1905,3.4219,0.4025,0.8966,0.0000,5.7601,0.4249,0.8522,0.0952,43.0380,0.6037,0.4039,0.4048,45.5886,0.6116,0.3744,0.4048,1.1695,0.2855,0.9409,0.0000,3.1416,0.3914,0.9015,0.0000
species_94,42,0.1365,0.1455,160,0.6508,203,75.6959,1.7378,9.8399,12.7265,73.4177,8.1279,0.0000,18.4544,0.0730,0.1337,0.1283,0.1253,0.1082,0.0284,0.0302,0.0077,5.1767,0.5418,1.0000,0.2936,0.9360,0.0238,5.0000,0.3760,0.8522,0.0238,10.0000,0.4150,0.7685,0.1190,0.6182,0.1917,0.9458,0.0000,7.1713,0.3933,0.8128,0.0714,37.4919,0.5851,0.4236,0.4286,59.3355,0.6927,0.2365,0.5000,0.6182,0.1917,0.9458,0.0000,4.1910,0.3674,0.8719,0.0238
species_95,42,0.1304,0.1521,300,0.6414,203,27.5393,46.7863,3.4826,22.1918,39.5876,16.9072,0.0000,43.5052,0.1121,0.1006,0.1248,0.1061,0.0733,0.0661,0.0227,0.0081,5.1821,0.5456,1.0000,0.2288,0.9310,0.0000,5.0000,0.3801,0.8424,0.0714,10.0000,0.4500,0.7635,0.0714,2.2337,0.3365,0.9015,0.0000,10.3793,0.4524,0.7537,0.0714,38.1032,0.5861,0.4286,0.4286,67.4597,0.7174,0.1823,0.5714,1.3627,0.2654,0.9212,0.0000,3.4308,0.3557,0.8768,0.0476
species_96,42,0.1269,0.1332,100,0.6294,203,63.3561,0.1425,16.1381,20.3633,71.6346,0.0000,0.0000,28.3654,0.0872,0.1266,0.1181,0.0972,0.0886,0.0261,0.0326,0.0145,5.1863,0.5467,1.0000,0.2138,0.9557,0.0000,5.0000,0.3793,0.8670,0.1429,10.0000,0.4229,0.7833,0.1905,1.2595,0.2674,0.9507,0.0000,4.4164,0.3627,0.8768,0.0714,39.7409,0.5968,0.4039,0.4048,59.7976,0.6906,0.2266,0.4524,1.2595,0.2674,0.9507,0.0000,4.4164,0.3627,0.8768,0.0714
species_97,42,0.3483,0.3742,300,0.7417,203,40.5672,36.7028,14.1250,8.6049,47.8163,24.0015,23.1056,5.0765,0.2406,0.2457,0.2674,0.3185,0.1925,0.1382,0.0021,0.0090,4.9644,0.4282,1.0000,0.1130,0.8916,0.0238,5.0000,0.2154,0.7340,0.0476,10.0000,0.2837,0.6108,0.0714,0.7420,0.0972,0.9113,0.0000,13.4151,0.3507,0.5517,0.0952,38.9936,0.6175,0.2857,0.2857,43.3166,0.6543,0.2512,0.2857,0.7420,0.0972,0.9113,0.0000,6.1931,0.2332,0.7044,0.0476
species_98,42,0.1142,0.1244,140,0.6207,203,82.1632,0.3337,17.1659,0.3373,59.1787,0.0000,37.8793,2.9421,0.0291,0.1138,0.0878,0.1133,0.0850,0.0116,0.0033,0.0000,5.1990,0.5581,1.0000,0.2378,0.9212,0.0000,5.0000,0.4321,0.8424,0.0952,10.0000,0.4720,0.7685,0.1905,3.5673,0.3991,0.8621,0.0000,5.6895,0.4331,0.8276,0.0952,47.5422,0.6492,0.3793,0.3810,53.4633,0.6620,0.3300,0.3810,1.8439,0.2994,0.9015,0.0000,2.2602,0.3234,0.8916,0.0000
species_99,42,0.2137,0.2196,120,0.6811,203,94.2980,0.2950,0.8630,4.5439,96.2993,0.0000,0.0000,3.7007,0.0610,0.2136,0.2132,0.2052,0.2006,0.0346,0.0162,0.0023,5.0994,0.5001,1.0000,0.1614,0.8768,0.0000,5.0000,0.3323,0.7734,0.1190,10.0000,0.3946,0.6847,0.1190,1.2996,0.1940,0.8621,0.0000,3.7780,0.3115,0.8030,0.0952,36.4825,0.6246,0.3842,0.3810,30.3627,0.5619,0.4384,0.2143,1.2996,0.1940,0.8621,0.0000,3.7780,0.3115,0.8030,0.0952
species (average),42.0000,0.1914,0.2103,181.4000,0.6730,203.0000,41.1215,34.0325,11.0594,13.7866,46.1880,22.2636,19.1655,12.3829,0.1386,0.1438,0.1677,0.1636,0.1069,0.0761,0.0232,0.0142,5.1216,0.5122,1.0000,0.2088,0.9193,0.0076,5.0000,0.3372,0.8144,0.0578,10.0000,0.3988,0.7231,0.1052,2.0053,0.2413,0.8938,0.0000,10.6533,0.4030,0.7183,0.0878,39.9852,0.5977,0.3715,0.3705,43.3676,0.6127,0.3490,0.3219,1.6208,0.2247,0.9010,0.0002,4.4733,0.3164,0.8257,0.0464
